Title,Description,Cash Flow,Price,URL
"Communication Tower Construction $6 million Revenue, Net Profit $900K+","Design Build Communications Construction Contractor Company currently serving the Florida market, but able to expend to other states if new owner desires. Both revenues and profit margin have been...","Cash Flow: $920,000","$2,200,000",https://www.bizbuysell.com/Business-Opportunity/communication-tower-construction-6-million-revenue-net-profit-900k/2285816/
Large Custom Door Window and Glass Design Install Business For Sale,This business had its root started over twelve years ago and only recently decided to setup a Florida operation back in 2022. The business is growing exponentially selling top of the line Residential...,"Cash Flow: $552,500","$2,400,000",https://www.bizbuysell.com/Business-Opportunity/large-custom-door-window-and-glass-design-install-business-for-sale/2285207/
Full-Service Landscape Construction Business,"Strong rooted and well blended company with outstanding long-term history (42 years) and an incredibly solid Management Team. General Manager is in place as well as an entire middle Management staff,...","Cash Flow: $2,590,738","$6,750,000",https://www.bizbuysell.com/Business-Opportunity/full-service-landscape-construction-business/2284347/
"Aerobic Septic Installation, Service, and Repair Business for Sale","Aerobic Septic Installation, Service, and Repair Business for Sale | Recurring Revenue + Model Attention Strategics, Private Equity Groups, and Seasoned Purveyors in the Septic Construction &...","Cash Flow: $234,815","$2,000,000",https://www.bizbuysell.com/Business-Opportunity/aerobic-septic-installation-service-and-repair-business-for-sale/2168676/
Central Florida Commercial HVAC Construction and Service,"Central Florida Commercial HVAC, 15% Repair and Maintenance, 10% new build and 75% retrofit/remodel - Contractor servicing developers and builders throughout Florida. The Owners handle the bidding,...","Cash Flow: $990,555","$3,250,000",https://www.bizbuysell.com/Business-Opportunity/central-florida-commercial-hvac-construction-and-service/2283478/
2 Locations for a Windows and Doors Company In Florida with Property!,"2 Locations for a Windows and Doors Company In Central and South Florida For Sale With Properties (Properties will need to be sold separately or can be leased back) Asking Price: $5,700,000...","Cash Flow: $487,726","$5,700,000",https://www.bizbuysell.com/Business-Opportunity/2-locations-for-a-windows-and-doors-company-in-florida-with-property/2262326/
Build your Way to Cash!,"This is one of Florida’s premiere full service, contractor/building materials supplier serving general contractors, landscapers, roofers and more for 20 years! Centrally located in South Florida’s...","Cash Flow: $1,247,352","$5,500,000",https://www.bizbuysell.com/Business-Opportunity/build-your-way-to-cash/2282187/
"Commercial HVAC! Consistently, Highly Profitable, Growing!","The company was founded in 1993 and is a full-service Air Conditioning, Heating, Ventilation, and Refrigeration Florida based mechanical contractor. C.A. Mechanical services Hospitals, Hotels, Malls,...","Cash Flow: $912,943","$3,000,000",https://www.bizbuysell.com/Business-Opportunity/commercial-hvac-consistently-highly-profitable-growing/2234512/
Mechanical/HVAC - Government Provider - High Reputation,"Excellent opportunity to acquire a highly profitable business of over 30 years with an impeccable reputation in the industry and market. Skilled and experienced staff provide highly personable,...",Not found,"$2,000,000",https://www.bizbuysell.com/Business-Opportunity/mechanical-hvac-government-provider-high-reputation/2227524/
Highly Profitable Pool Builder!,"Pool builder is prospering while competition is failing! Business uses subcontractors for pool building, has four (4) field project managers.six (6) pool designers, three (3) managers total. Owner...","Cash Flow: $1,485,000","$4,500,000",https://www.bizbuysell.com/Business-Opportunity/highly-profitable-pool-builder/2280016/
Kitchens - Baths & Floors - Home remodeling,Tile Flooring & Installations & Home Remodeling & Renovations. From site improvements to new construction and design. Bathrooms and kitchens. Small and large jobs. Whole home remodels. Flooring....,"Cash Flow: $709,753","$2,100,000",https://www.bizbuysell.com/Business-Opportunity/kitchens-baths-and-floors-home-remodeling/2276735/
Time to Retire Pool- Spa renovations & repairs,"Time to retire! Pool & Spa repairs & remodeling: resurfacing, deck & walkways, equipment repairs & installation and leak detection. No new construction! Approx 70% remodeling, 20% repairs & 10% leak...","Cash Flow: $700,510","$2,100,000",https://www.bizbuysell.com/Business-Opportunity/time-to-retire-pool-spa-renovations-and-repairs/2273797/
Woodworking Shop For Business To Business Firms For Sale,Woodworking Shop for Business-to-Business Firms. Specializes in creating fixtures and displays for companies to install in retail locations. Serves major retailers throughout the United States....,"Cash Flow: $224,239","$2,250,000",https://www.bizbuysell.com/Business-Opportunity/woodworking-shop-for-business-to-business-firms-for-sale/2267625/
"Premier Windows & Doors, Roofing, HVAC & Solar Company!","This premier multi-million-dollar company has been serving the South Florida market since 2017, priding itself on exceptional customer service and high professional standards of work. Unlike much of...","Cash Flow: $6,814,055","$44,200,000",https://www.bizbuysell.com/Business-Opportunity/premier-windows-and-doors-roofing-hvac-and-solar-company/2037861/
Multi county Plumbing Contractor,"Multi county Plumbing Contractor servicing new construction, commercial and residential customers. Full-service plumbing contractor running 6 fully equipped vehicles. Building available for $450,000....","Cash Flow: $841,137","$4,000,000",https://www.bizbuysell.com/Business-Opportunity/multi-county-plumbing-contractor/1685241/
Thriving Home Remodeling Showroom & Contractor with Rapid Growth,This thriving home remodeling business offers a full-service showroom that provides a high-end luxury experience for homeowners with real estate available. The showroom features a wide range of...,"Cash Flow: $1,117,717","$2,300,000",https://www.bizbuysell.com/Business-Opportunity/thriving-home-remodeling-showroom-and-contractor-with-rapid-growth/2273216/
"Successful, Fast Growing HVAC Company",ATTN: Existing HVAC Companies & Hungry Entrepreneurs looking to get a Slice of the Orange County Market Are you ready to Take your Business to the next Level? Looking for a relocation to Sunny Florida...,"Cash Flow: $600,000","$2,700,000",https://www.bizbuysell.com/Business-Opportunity/successful-fast-growing-hvac-company/2136889/
Rapidly Growing Flooring Installer,"Experienced Management Team - Company is an installer of commercial and residential flooring in the Southeast. With decades of management in the commercial and residential flooring field, company is...","Cash Flow: $1,617,810","$6,500,000",https://www.bizbuysell.com/Business-Opportunity/rapidly-growing-flooring-installer/2265520/
Established Commercial Aggregate Hauling Company,"This family-owned and operated commercial aggregate hauling company has been servicing customers for over a decade specializing in Hospitals, Interstates, Airports, Major Site Developers, and more....","Cash Flow: $2,364,611","$12,000,000",https://www.bizbuysell.com/Business-Opportunity/established-commercial-aggregate-hauling-company/2264126/
Est. Florida Commercial & Residential Fencing Co.,This established Commercial & Residential Fencing Company is one of Florida's premier fencing companies. This business has been serving Florida for over two decades and is known for their quality work...,"Cash Flow: $923,482","$3,250,000",https://www.bizbuysell.com/Business-Opportunity/est-florida-commercial-and-residential-fencing-co/2263017/
Countertop Manufacturer and Installer - 11059 *Lender Pre-Qualified*,"Become the new owner of a full-service manufacturer and installer of natural and manmade stone countertops, surrounds, vanities, accents, and more in the greater Tampa Bay area. Established over 20...","Cash Flow: $961,995","$5,950,000",https://www.bizbuysell.com/Business-Opportunity/countertop-manufacturer-and-installer-11059-lender-pre-qualified/2267545/
Long-Standing Profitable Plumbing Service Company,"Revenue as of 6.30.24: $750,935 Operating Profit as of 6.30.24: $290,719 For sale is a reputable plumbing service company with repeat customers for more than 40 years. The company handles all plumbing...","Cash Flow: $620,189","$2,325,000",https://www.bizbuysell.com/Business-Opportunity/long-standing-profitable-plumbing-service-company/2213621/
Specialty Contractor with 50+ Years in Business,"Discover the Ultimate Gutter Contractor Experience in South Florida! Unleash the Power of a Fully Staffed and Equipped Operation, Yours to Command. The Offer Includes: Prime Real Estate with an...","Cash Flow: $1,269,475","$6,500,000",https://www.bizbuysell.com/Business-Opportunity/specialty-contractor-with-50-years-in-business/2253450/
Established Electrical & HVAC Company,Don’t miss your chance to own this well-established residential and light commercial electrical & HVAC company with real estate worth est $1.7M in a great location. Loyal & diverse customer base with...,"Cash Flow: $625,974","$3,200,000",https://www.bizbuysell.com/Business-Opportunity/established-electrical-and-hvac-company/2243727/
A Turnkey Paving and Construction Company for Sale,"This highly reputable and well-known paving company is a golden opportunity for an entrepreneurial buyer. After many years in the construction industry, seller decided it is time to retire. Over the...","Cash Flow: $875,839","$5,000,000",https://www.bizbuysell.com/Business-Opportunity/a-turnkey-paving-and-construction-company-for-sale/2248087/
Screen in the Cash!,"SBA APPROVED! Florida’s leading and most trusted name in specialty aluminum enclosures is looking for new owners to take it into its next era of profitability. Established in 1980, this company has...","Cash Flow: $1,150,175","$4,000,000",https://www.bizbuysell.com/Business-Opportunity/screen-in-the-cash/2240383/
Niche Cabinet Business For Sale SW Florida SBA Approved,Niche Business in the Cabinet Space offering consistent strong revenue and profits. SBA approved. Business is also very scalable and could be expanded rapidly. This ten year plus has clean books and a...,"Cash Flow: $1,200,000","$5,200,000",https://www.bizbuysell.com/Business-Opportunity/niche-cabinet-business-for-sale-sw-florida-sba-approved/2237052/
30 Year Commercial/Residential HVAC For Sale,Prime Commercial / Residential HVAC business with large service contracts. Owner will help insure a smooth transition to new owners. This company does a lot of commercial installs and maintenance...,"Cash Flow: $693,416","$3,200,000",https://www.bizbuysell.com/Business-Opportunity/30-year-commercial-residential-hvac-for-sale/2239715/
Under Contract - HVAC Co,"This COMMERCIAL, premier HVAC (not the company’s real name) stands out in the HVAC industry, offering a spectrum of services that cater to the evolving needs of its clientele. This company focuses on...","Cash Flow: $514,335","$2,250,000",https://www.bizbuysell.com/Business-Opportunity/under-contract-hvac-co/2228759/
Growing Fence Business for Sale in Southwest Florida,"Discover an unparalleled business acquisition opportunity in Southwest Florida, where success and growth converge with this thriving fencing company. With an impressive financial performance in 2023,...","Cash Flow: $1,350,000","$5,900,000",https://www.bizbuysell.com/Business-Opportunity/growing-fence-business-for-sale-in-southwest-florida/2209029/
Well Established and Very Profitable Flooring Company for Sale,This well established and extremely profitable flooring company has been in operation for over 12 years. This company has built a very strong reputation in the industry and has a solid customer base....,"Cash Flow: $284,820","$5,000,000",https://www.bizbuysell.com/Business-Opportunity/well-established-and-very-profitable-flooring-company-for-sale/2179561/
Construction Equipment Rental and Sales Business w/ Real Estate,"This company rents and sells masonry scaffolding, systems style scaffolding, temporary stair access, temporary construction trash chutes, post shoring and shoring scaffolding. They also design,...","Cash Flow: $608,293","$3,350,000",https://www.bizbuysell.com/Business-Opportunity/construction-equipment-rental-and-sales-business-w-real-estate/2159156/
Amazing Land Fill and Trucking Business for sale Highly Profitable!!!,"Well-established over 30 years of construction material and trucking business for sale, with an inventory of landfill material, diversified rock material, gravel, Arena Sand, and much more. All...",Not found,"$3,200,000",https://www.bizbuysell.com/Business-Opportunity/amazing-land-fill-and-trucking-business-for-sale-highly-profitable/2182959/
Well Established and profitable Full-Service Septic Tank Company,"This is your chance to own the most reputable full-service septic tank repair, installation, and maintenance company in the Miami area. This recession-proof business built a great reputation of...",Not found,"$2,999,900",https://www.bizbuysell.com/Business-Opportunity/well-established-and-profitable-full-service-septic-tank-company/2136586/
Custom Pool Builder,Custom Swimming Pool Builder in business for 36 years in East Central Florida. This company provides all phases of pool construction starting with a vision and using state of the art design software...,"Cash Flow: $1,076,000","$2,940,000",https://www.bizbuysell.com/Business-Opportunity/custom-pool-builder/2078507/
Tenant Occupied Commercial Real Estate Opportunity -70% seller finance,"This two-story, freestanding commercial property consists of 9,619 sqftof useable space and situated on a corner 10,161 sqftlot, has 18' ceilings. • The property is located inOakland Park between...",Not found,"$3,980,000",https://www.bizbuysell.com/Business-Real-Estate-For-Sale/tenant-occupied-commercial-real-estate-opportunity-70-seller-finance/2217355/
